model,point_set,bin,di_lo,di_hi,di_mean,n,accuracy,accuracy_regrowth,accuracy_nonregrowth,balanced_accuracy,share_regrowth,share_outside_aoa,threshold
colombia,colombia_validation_2000,0,0.0,0.02118414839871847,0.013488588414103723,12336,0.9772211413748378,0.9931236897274633,0.5158150851581509,0.7544693874428071,0.9666828793774319,0.0,0.19791835803599467
colombia,colombia_validation_2000,1,0.02118414839871847,0.03151375567748184,0.026279917200970983,12335,0.9245237130117552,0.9723382530400074,0.5947503201024328,0.7835442865712201,0.8733684637211188,0.0,0.19791835803599467
colombia,colombia_validation_2000,2,0.03151375567748184,0.04207958139604995,0.03677118489858564,12336,0.870541504539559,0.917,0.7452038369304557,0.8311019184652279,0.7295719844357976,0.0,0.19791835803599467
colombia,colombia_validation_2000,3,0.04207958139604995,0.05173973746391736,0.04694276856741371,12335,0.8468585326307255,0.8534139304849567,0.8374208860759493,0.8454174082804531,0.5901094446696392,0.0,0.19791835803599467
colombia,colombia_validation_2000,4,0.05173973746391736,0.061285103125004646,0.05648252168023311,12336,0.8419260700389105,0.7820027529249828,0.8953096259963212,0.838656189460652,0.4711413748378729,0.0,0.19791835803599467
colombia,colombia_validation_2000,5,0.061285103125004646,0.07151059877762617,0.06630985299342898,12335,0.84410214835833,0.7164361269324654,0.9286965898369053,0.8225663583846854,0.39854073773814347,0.0,0.19791835803599467
colombia,colombia_validation_2000,6,0.07151059877762617,0.08357188871973475,0.077330750399802,12336,0.8644617380025941,0.680597771023303,0.9510014306151645,0.8157996008192338,0.32003891050583655,0.0,0.19791835803599467
colombia,colombia_validation_2000,7,0.08357188871973475,0.09954373139914773,0.0911522936349558,12335,0.8753141467369274,0.6399759181216135,0.9620548097192944,0.8010153639204539,0.269314957438184,0.0,0.19791835803599467
colombia,colombia_validation_2000,8,0.09954373139914773,0.12567851442275144,0.11104422469097598,12336,0.8959954604409858,0.6205357142857143,0.972740464344942,0.7966380893153282,0.2178988326848249,0.0,0.19791835803599467
colombia,colombia_validation_2000,9,0.12567851442275144,2.668919738504137,0.1665474964995487,12336,0.9259079118028535,0.6357320099255583,0.9825598294738882,0.8091459196997233,0.16334306095979248,0.15239948119325553,0.19791835803599467
colombia,colombia_validation_2000,inside_aoa,0.0,0.1979125882994568,0.06637459623235467,121476,0.885911620402384,0.8540435851114041,0.9185281428547633,0.8862858639830837,0.5058036155289933,0.0,0.19791835803599467
colombia,colombia_validation_2000,outside_aoa,0.1980295952370971,2.668919738504137,0.2540816575870195,1880,0.9367021276595745,0.5829787234042553,0.9872340425531915,0.7851063829787234,0.125,1.0,0.19791835803599467
colombia,colombia_validation_2000,all,0.0,2.668919738504137,0.06923533486968704,123356,0.8866856901974772,0.8530107980154998,0.9203605823794546,0.8866856901974772,0.5,0.015240442297091346,0.19791835803599467
colombia,cv_heldout_healpix_d6,0,0.0029800003761193223,0.03377873407419179,0.025087192589661213,3953,0.9582595497090817,0.985756517065305,0.5172413793103449,0.7514989481878249,0.9413103971667088,0.0,0.19791835803599467
colombia,cv_heldout_healpix_d6,1,0.03377873407419179,0.04774752444741283,0.041005893876884546,3952,0.8696862348178138,0.9027249683143219,0.7386934673366834,0.8207092178255027,0.798582995951417,0.0,0.19791835803599467
colombia,cv_heldout_healpix_d6,2,0.04774752444741283,0.05951191607189541,0.05386318715749001,3951,0.8008099215388509,0.7974931453192323,0.8068669527896996,0.8021800490544659,0.6461655277145026,0.0,0.19791835803599467
colombia,cv_heldout_healpix_d6,3,0.05951191607189541,0.06976576620043135,0.06473174421300264,3953,0.7933215279534531,0.6997530864197531,0.891597510373444,0.7956752983965986,0.5122691626612699,0.0,0.19791835803599467
colombia,cv_heldout_healpix_d6,4,0.06976576620043135,0.07986219143858893,0.07480696795315656,3952,0.8137651821862348,0.6942286348501665,0.913953488372093,0.8040910616111298,0.4559716599190283,0.0,0.19791835803599467
colombia,cv_heldout_healpix_d6,5,0.07986219143858893,0.0909709202837671,0.08537399576010478,3951,0.8425715008858516,0.692402717726992,0.9468267581475128,0.8196147379372525,0.4097696785623893,0.0,0.19791835803599467
colombia,cv_heldout_healpix_d6,6,0.0909709202837671,0.10399141328661368,0.09721834140166419,3953,0.849228434100683,0.6593886462882096,0.9503683598293913,0.8048785030588004,0.34758411333164685,0.0,0.19791835803599467
colombia,cv_heldout_healpix_d6,7,0.10399141328661368,0.1205727275731648,0.11185132933011879,3952,0.861082995951417,0.657608695652174,0.9594594594594594,0.8085340775558167,0.3259109311740891,0.0,0.19791835803599467
colombia,cv_heldout_healpix_d6,8,0.1205727275731648,0.14860676304194717,0.13310892530660315,3952,0.8782894736842105,0.6829066886870355,0.964611455673112,0.8237590721800738,0.3064271255060729,0.0,0.19791835803599467
colombia,cv_heldout_healpix_d6,9,0.14860676304194717,3.2022384835317115,0.19656125838094185,3953,0.8940045535036681,0.6650197628458498,0.9727983679020741,0.8189090653739619,0.2560080951176322,0.30179610422463954,0.19791835803599467
colombia,cv_heldout_healpix_d6,inside_aoa,0.0029800003761193223,0.19786727523184047,0.08296257427725166,38329,0.8541313365858749,0.7906810035842294,0.920048938773339,0.8553649711787843,0.5095358605755433,0.0,0.19791835803599467
colombia,cv_heldout_healpix_d6,outside_aoa,0.19792291702293932,3.2022384835317115,0.2618558018716321,1193,0.9195305951383068,0.6623376623376623,0.9812889812889813,0.8218133218133219,0.19362950544844929,1.0,0.19791835803599467
colombia,cv_heldout_healpix_d6,all,0.0029800003761193223,3.2022384835317115,0.08836259503834917,39522,0.8561054602499873,0.7891807094782652,0.9230302110217095,0.8561054602499873,0.5,0.030185719346186933,0.19791835803599467
neotropics_excl_colombia,colombia_validation_2000,0,0.007592991133514526,0.0541524163585961,0.041130218201406235,12336,0.7961251621271076,0.7994742090472305,0.767816091954023,0.7836451505006268,0.8942120622568094,0.0,0.16296054316246167
neotropics_excl_colombia,colombia_validation_2000,1,0.0541524163585961,0.07397938640251288,0.06419399450577004,12335,0.727199027158492,0.6881884611189879,0.8401768793430195,0.7641826702310037,0.7433319821645723,0.0,0.16296054316246167
neotropics_excl_colombia,colombia_validation_2000,2,0.07397938640251288,0.09251573038338742,0.08326805298215596,12336,0.7166018158236057,0.5847669256381798,0.9019110764430577,0.7433390010406187,0.5843060959792478,0.0,0.16296054316246167
neotropics_excl_colombia,colombia_validation_2000,3,0.09251573038338742,0.11021617628271956,0.10137055802478018,12335,0.739440616132955,0.5304160450853639,0.939543002221517,0.7349795236534404,0.48909606809890555,0.0,0.16296054316246167
neotropics_excl_colombia,colombia_validation_2000,4,0.11021617628271956,0.12668588674528042,0.11860607920548538,12336,0.7449740596627756,0.46713260294673215,0.9538483385401875,0.7104904707434598,0.4291504539559014,0.0,0.16296054316246167
neotropics_excl_colombia,colombia_validation_2000,5,0.12668588674528042,0.14141054952215235,0.1341602400518705,12335,0.7323064450749899,0.39884281581485054,0.9741258741258741,0.6864843449703624,0.4203486015403324,0.0,0.16296054316246167
neotropics_excl_colombia,colombia_validation_2000,6,0.14141054952215235,0.15640879662088955,0.14874711609018976,12336,0.7410830090791181,0.3900439824070372,0.9805017725661304,0.6852728774865837,0.4054798962386511,0.0,0.16296054316246167
neotropics_excl_colombia,colombia_validation_2000,7,0.15640879662088955,0.1748077146252302,0.16506149875227522,12335,0.8075395216862586,0.45890246824826264,0.9857877971085518,0.7223451326784072,0.3383056343737333,0.6021888933927848,0.16296054316246167
neotropics_excl_colombia,colombia_validation_2000,8,0.1748077146252302,0.20720418612017166,0.18901066068091654,12336,0.85473411154345,0.5478968792401628,0.985435209802335,0.766666044521249,0.29871919584954604,1.0,0.16296054316246167
neotropics_excl_colombia,colombia_validation_2000,9,0.20720418612017166,1.1777279079159229,0.2762771496575547,12336,0.8107976653696498,0.5590036749693753,0.976606614681366,0.7678051448253707,0.3970492866407263,1.0,0.16296054316246167
neotropics_excl_colombia,colombia_validation_2000,inside_aoa,0.007592991133514526,0.16295926398383723,0.1020521442112171,91256,0.7447291137021127,0.5874200426439232,0.9409664072505172,0.7641932249472202,0.5550539142631717,0.0,0.16296054316246167
neotropics_excl_colombia,colombia_validation_2000,outside_aoa,0.16296149771768512,1.1777279079159229,0.21784127571021494,32100,0.8306230529595016,0.5399963722111373,0.9826800797190851,0.7613382259651111,0.3434890965732087,1.0,0.16296054316246167
neotropics_excl_colombia,colombia_validation_2000,all,0.007592991133514526,1.1777279079159229,0.132183075184318,123356,0.7670806446382827,0.5789422484516359,0.9552190408249295,0.7670806446382827,0.5,0.26022244560459157,0.16296054316246167
neotropics_excl_colombia,cv_heldout_healpix_d6,0,0.0021919147546044285,0.026622655657713937,0.018682896788461006,3953,0.9210726030862636,0.9428152492668622,0.7845303867403315,0.8636728180035969,0.862635972678978,0.0,0.16296054316246167
neotropics_excl_colombia,cv_heldout_healpix_d6,1,0.026622655657713937,0.03627560730789357,0.03160116290048745,3952,0.8476720647773279,0.8411180581095992,0.862124898621249,0.8516214783654241,0.6880060728744939,0.0,0.16296054316246167
neotropics_excl_colombia,cv_heldout_healpix_d6,2,0.03627560730789357,0.04524205000443048,0.04074537462992582,3951,0.8192862566438877,0.772765246449457,0.8908156711624919,0.8317904588059745,0.6059225512528473,0.0,0.16296054316246167
neotropics_excl_colombia,cv_heldout_healpix_d6,3,0.04524205000443048,0.05348108044928868,0.04943407460761855,3953,0.814318239311915,0.7387589928057554,0.9115095430884904,0.825134267947123,0.5626106754363774,0.0,0.16296054316246167
neotropics_excl_colombia,cv_heldout_healpix_d6,4,0.05348108044928868,0.06192226149492386,0.05774397180546101,3952,0.8038967611336032,0.6862544711292795,0.9192982456140351,0.8027763583716573,0.4951923076923077,0.0,0.16296054316246167
neotropics_excl_colombia,cv_heldout_healpix_d6,5,0.06192226149492386,0.07141073392346986,0.06652139273635775,3952,0.805414979757085,0.644960362400906,0.9350411710887465,0.7900007667448263,0.44686234817813764,0.0,0.16296054316246167
neotropics_excl_colombia,cv_heldout_healpix_d6,6,0.07141073392346986,0.08268891981353532,0.07696322901240726,3952,0.7983299595141701,0.5835884874464177,0.9495472186287193,0.7665678530375685,0.4132085020242915,0.0,0.16296054316246167
neotropics_excl_colombia,cv_heldout_healpix_d6,7,0.08268891981353532,0.09805618324083479,0.08984581526949949,3952,0.8147773279352226,0.574468085106383,0.9624183006535948,0.7684431928799889,0.3805668016194332,0.0,0.16296054316246167
neotropics_excl_colombia,cv_heldout_healpix_d6,8,0.09805618324083479,0.12306056271602649,0.10932102858995278,3952,0.8433704453441295,0.5597433841218925,0.9741219963031423,0.7669326902125174,0.31553643724696356,0.0,0.16296054316246167
neotropics_excl_colombia,cv_heldout_healpix_d6,9,0.12306056271602649,31.863476664294105,0.1851519666956098,3953,0.8757905388312673,0.515986769570011,0.9829284307288247,0.7494576001494179,0.2294459903870478,0.36655704528206423,0.16296054316246167
neotropics_excl_colombia,cv_heldout_healpix_d6,inside_aoa,0.0021919147546044285,0.16295769733151896,0.0653176058277233,38073,0.8311927087437292,0.7339689374135014,0.9333656539538893,0.8336672956836954,0.5124103695532267,0.0,0.16296054316246167
neotropics_excl_colombia,cv_heldout_healpix_d6,outside_aoa,0.16300997620775232,31.863476664294105,0.2640237717059758,1449,0.9185645272601795,0.5595238095238095,0.9941520467836257,0.7768379281537177,0.17391304347826086,1.0,0.16296054316246167
neotropics_excl_colombia,cv_heldout_healpix_d6,all,0.0021919147546044285,31.863476664294105,0.07260279469361033,39522,0.8343960325894438,0.7317443449218157,0.9370477202570721,0.834396032589444,0.5,0.036663124335812966,0.16296054316246167
neotropics_incl_colombia,colombia_validation_2000,0,0.0,0.0464098298573684,0.03576951201063082,12336,0.8041504539559015,0.8198955025099888,0.7444660194174757,0.7821807609637322,0.7912613488975356,0.0,0.18369069491680207
neotropics_incl_colombia,colombia_validation_2000,1,0.0464098298573684,0.058996711078809064,0.053085021278518885,12335,0.775841102553709,0.7593479252165982,0.8164468144821779,0.7878973698493881,0.7111471422780705,0.0,0.18369069491680207
neotropics_incl_colombia,colombia_validation_2000,2,0.058996711078809064,0.07010200438613537,0.06455526067405588,12336,0.7572146562905318,0.6987702265372169,0.8551290392539579,0.7769496328955874,0.626215953307393,0.0,0.18369069491680207
neotropics_incl_colombia,colombia_validation_2000,3,0.07010200438613537,0.08148167547876323,0.07570492523897518,12335,0.7344953384677746,0.6148726851851852,0.8869629356444773,0.7509178104148313,0.5603567085528982,0.0,0.18369069491680207
neotropics_incl_colombia,colombia_validation_2000,4,0.08148167547876323,0.09436975882442192,0.08774793868959775,12336,0.7401913099870299,0.5513016845329249,0.9120606905093668,0.7316811875211459,0.47641050583657585,0.0,0.18369069491680207
neotropics_incl_colombia,colombia_validation_2000,5,0.09436975882442192,0.10902328473736446,0.10144147292401445,12336,0.754863813229572,0.5094196003805899,0.9370145459680836,0.7232170731743368,0.4259889753566796,0.0,0.18369069491680207
neotropics_incl_colombia,colombia_validation_2000,6,0.10902328473736446,0.12685634682010083,0.1175851749222532,12335,0.7770571544385894,0.5071780147662018,0.9534790186352058,0.7303285167007039,0.3952979327117957,0.0,0.18369069491680207
neotropics_incl_colombia,colombia_validation_2000,7,0.12685634682010083,0.15016373157245566,0.13788074803129635,12335,0.814592622618565,0.5496302935245351,0.9648119918699187,0.7572211426972268,0.36181597081475475,0.0,0.18369069491680207
neotropics_incl_colombia,colombia_validation_2000,8,0.15016373157245566,0.1862495193055211,0.1662868583116783,12336,0.8192282749675746,0.5471483753692342,0.9701323251417769,0.7586403502555056,0.35676070038910507,0.048800259403372244,0.18369069491680207
neotropics_incl_colombia,colombia_validation_2000,9,0.1862495193055211,1.0117238140887281,0.238755638619776,12336,0.8574902723735408,0.578932893289329,0.9739080459770115,0.7764204696331702,0.29474708171206226,1.0,0.18369069491680207
neotropics_incl_colombia,colombia_validation_2000,inside_aoa,0.0,0.1836899979304877,0.09284005007336918,110418,0.7750004528247206,0.6475632315059731,0.915206847360913,0.781385039433443,0.5238548062815845,0.0,0.18369069491680207
neotropics_incl_colombia,colombia_validation_2000,outside_aoa,0.1836917158520835,1.0117238140887281,0.23625249038292478,12938,0.8561601484000618,0.5765319426336375,0.9739646270460288,0.7752482848398332,0.2964136651723605,1.0,0.18369069491680207
neotropics_incl_colombia,colombia_validation_2000,all,0.0,1.0117238140887281,0.10788163826303998,123356,0.7835127598171147,0.6431466649372548,0.9238788546969746,0.7835127598171148,0.5,0.10488342682966374,0.18369069491680207
neotropics_incl_colombia,cv_heldout_healpix_d6,0,0.002734237455068691,0.030055631144610417,0.02165287598028775,3953,0.9233493549203137,0.9470883830919302,0.7824561403508772,0.8647722617214038,0.8558057171768277,0.0,0.18369069491680207
neotropics_incl_colombia,cv_heldout_healpix_d6,1,0.030055631144610417,0.04123283121819052,0.03575927958278401,3952,0.8638663967611336,0.8714542190305207,0.8457583547557841,0.8586062868931523,0.7047064777327935,0.0,0.18369069491680207
neotropics_incl_colombia,cv_heldout_healpix_d6,2,0.04123283121819052,0.05071975564420308,0.04600507515430588,3951,0.8296633763604151,0.7958847736625514,0.883629191321499,0.8397569824920252,0.6150341685649203,0.0,0.18369069491680207
neotropics_incl_colombia,cv_heldout_healpix_d6,3,0.05071975564420308,0.059788527042489416,0.0552488381837732,3952,0.8084514170040485,0.7341176470588235,0.8949096880131363,0.8145136675359799,0.5377024291497976,0.0,0.18369069491680207
neotropics_incl_colombia,cv_heldout_healpix_d6,4,0.059788527042489416,0.06915840728992126,0.06451979898938742,3953,0.7945863900834809,0.6728549924736578,0.9183673469387755,0.7956111697062167,0.5041740450290918,0.0,0.18369069491680207
neotropics_incl_colombia,cv_heldout_healpix_d6,5,0.06915840728992126,0.07980865200899781,0.07431034400927329,3951,0.7792963806631232,0.5919282511210763,0.9335486848177204,0.7627384679693983,0.45153125790939,0.0,0.18369069491680207
neotropics_incl_colombia,cv_heldout_healpix_d6,6,0.07980865200899781,0.09278106892812865,0.08603412116908023,3953,0.7852264103212749,0.5532047293092719,0.9441602728047741,0.748682501057023,0.4065266885909436,0.0,0.18369069491680207
neotropics_incl_colombia,cv_heldout_healpix_d6,7,0.09278106892812865,0.11128442903015423,0.10142676419393572,3952,0.8046558704453441,0.5454545454545454,0.9498618239242006,0.7476581846893731,0.3590587044534413,0.0,0.18369069491680207
neotropics_incl_colombia,cv_heldout_healpix_d6,8,0.11128442903015423,0.1458019739483319,0.12622154359799445,3952,0.8388157894736842,0.5650337837837838,0.9559248554913294,0.7604793196375566,0.29959514170040485,0.0,0.18369069491680207
neotropics_incl_colombia,cv_heldout_healpix_d6,9,0.1458019739483319,14.0643167002033,0.2091791916119879,3953,0.8570705793068556,0.6660323501427212,0.9262577532736044,0.7961450517081627,0.2658740197318492,0.5064507968631419,0.18369069491680207
neotropics_incl_colombia,cv_heldout_healpix_d6,inside_aoa,0.002734237455068691,0.18369005477420713,0.0728448721045976,37520,0.827318763326226,0.737014676798168,0.9221020430459959,0.8295583599220819,0.5121002132196162,0.0,0.18369069491680207
neotropics_incl_colombia,cv_heldout_healpix_d6,outside_aoa,0.1836995169694383,14.0643167002033,0.25433347809022494,2002,0.8506493506493507,0.7184643510054844,0.9003436426116839,0.8094039968085842,0.27322677322677325,1.0,0.18369069491680207
neotropics_incl_colombia,cv_heldout_healpix_d6,all,0.002734237455068691,14.0643167002033,0.08203823755126592,39522,0.8285005819543545,0.7365011892110723,0.9204999746976368,0.8285005819543545,0.5,0.05065533120793482,0.18369069491680207
