score,bin,mean_pred,obs_freq,n,area_mha
uncalibrated,0,0.0,0.0004922551650822742,87357,0.6687504296436322
uncalibrated,2,0.0020000300911474996,0.0009591489369889759,94862,0.7260829472867857
uncalibrated,3,0.004000044534788364,0.0010875526555410228,85473,0.6541332454905304
uncalibrated,4,0.00692527650257044,0.0014418887181076238,137308,1.0506843249072906
uncalibrated,5,0.012682894102569007,0.002348328223809647,185255,1.417167558334003
uncalibrated,6,0.023387224977801904,0.0037868107356326076,189592,1.4497554047185208
uncalibrated,7,0.043026824544694794,0.006350630309569675,209868,1.604802659044321
uncalibrated,8,0.07688772675708282,0.010516356912274186,235215,1.7989028698248635
uncalibrated,9,0.13538504233607926,0.017456123824916587,303178,2.318349569748064
uncalibrated,10,0.2424408467541338,0.027811400790634502,356366,2.7248082710008417
uncalibrated,11,0.44687380123002163,0.04645328421580225,651847,4.986084673720198
uncalibrated,12,0.707749856762924,0.1115151441475792,719155,5.50183574652871
prior_shift_pi1,0,0.0003819652696663214,0.0016164810055265333,655587,5.016441702093381
prior_shift_pi1,1,0.0013778978729485768,0.004369459188235729,163869,1.252986298745533
prior_shift_pi1,2,0.002414323673424825,0.006823195252912201,196347,1.501459263301627
prior_shift_pi1,3,0.004289734212284795,0.01111573121901012,228121,1.7446537706921685
prior_shift_pi1,4,0.0075906014399579076,0.017311896880927137,264850,2.0252597713372147
prior_shift_pi1,5,0.013506370657509304,0.025587929165853587,272151,2.080919924311576
prior_shift_pi1,6,0.024430466958328793,0.034709477522267516,299921,2.293346606349703
prior_shift_pi1,7,0.04317784713873962,0.049776050153669885,413976,3.166911487752205
prior_shift_pi1,8,0.07492504212970298,0.07732030070485676,408404,3.1249734743075783
prior_shift_pi1,9,0.1298102608466456,0.11285793048678872,234601,1.7946740052969052
prior_shift_pi1,10,0.22672878401449933,0.1755569092155365,86907,0.6646991846780522
prior_shift_pi1,11,0.40266175058362164,0.279862576608441,24126,0.18443031068133908
prior_shift_pi1,12,0.6938238526990639,0.4218474258888114,6616,0.050601900700476286
prior_shift_pi2_oracle,0,0.0003541081143781579,0.0016887569453196698,684344,5.236341887377823
prior_shift_pi2_oracle,1,0.001352708510955099,0.00487820178398567,187794,1.4359175628495695
prior_shift_pi2_oracle,2,0.00244628206755034,0.007812089997379361,204663,1.5651398613917842
prior_shift_pi2_oracle,3,0.004330343352540296,0.012801501639496666,238299,1.822462897489276
prior_shift_pi2_oracle,4,0.007655097137703044,0.019496523813751915,268597,2.053812630441191
prior_shift_pi2_oracle,5,0.013544277931553543,0.028167506207654062,265222,2.027911809946686
prior_shift_pi2_oracle,6,0.024408894229106116,0.036960010089886905,324952,2.4849771417598236
prior_shift_pi2_oracle,7,0.04293120005640726,0.055720845923545904,433446,3.3162095894058283
prior_shift_pi2_oracle,8,0.07441735565652584,0.08485097724497748,366417,2.8035989622386586
prior_shift_pi2_oracle,9,0.12888553262768895,0.1238384482473955,192272,1.4707887993553819
prior_shift_pi2_oracle,10,0.2268457986159074,0.19323279332762905,65419,0.5003197387232576
prior_shift_pi2_oracle,11,0.4057391181121787,0.3008357538606627,19011,0.14532094725656236
prior_shift_pi2_oracle,12,0.6998056939805666,0.44009262954813805,5040,0.03855587201191694
