pct_value,area_mha_total,area_mha_bin0,area_mha_bin1,area_mha_bin_nodata
3,6.052938177758501e-07,6.052938177758501e-07,0.0,0.0
4,9.691044644765204e-06,9.691044644765204e-06,0.0,0.0
5,5.012087083389477e-05,5.012087083389477e-05,0.0,0.0
6,0.00012403574624003858,0.00012403574624003858,0.0,0.0
7,0.0002122698122421297,0.0002122698122421297,0.0,0.0
8,0.00040544843127279985,0.00040544843127279985,0.0,0.0
9,0.0005742563250889899,0.0005742563250889899,0.0,0.0
10,0.0008163009265589862,0.0008163009265589862,0.0,0.0
11,0.0010869680535283844,0.0010869680535283844,0.0,0.0
12,0.0013628642511615092,0.0013628642511615092,0.0,0.0
13,0.0016527526415925698,0.0016508587286274026,0.0,1.8939129651673382e-06
14,0.0017436412059802793,0.0017419747554918163,0.0,1.6664504884631712e-06
15,0.001885608313789501,0.0018830333121979785,0.0,2.5750015915227204e-06
16,0.00214603011474084,0.002144666078784846,0.0,1.3640359559937417e-06
17,0.0023591182343444443,0.0023583605698466402,0.0,7.576644978042972e-07
18,0.002635524286561845,0.0026344642362626123,0.0,1.0600502992326919e-06
19,0.0030156625264721425,0.003013239766962573,0.0,2.422759509569344e-06
20,0.003474356341797993,0.0034704190704438432,0.0,3.937271354150075e-06
21,0.0039208830237730825,0.003916719714611297,0.0,4.163309161784985e-06
22,0.004357986700402277,0.00435473230547137,0.0,3.2543949309081194e-06
23,0.004730829020024281,0.004727575078625527,0.0,3.253941398754634e-06
24,0.005113153703257231,0.005109672189169847,0.0,3.4815140873831617e-06
25,0.005374714105077746,0.0053694963560972754,0.0,5.217748980470917e-06
26,0.005602777887251937,0.005595812283144011,0.0,6.965604107925401e-06
27,0.005900056486704237,0.005892182965425699,0.0,7.873521278537937e-06
28,0.006187025772923883,0.006180965742979668,0.0,6.060029944214802e-06
29,0.006482076015837958,0.0064757844367596224,0.0,6.291579078336372e-06
30,0.006869620053138901,0.0068624975207288745,0.0,7.122532410027249e-06
31,0.007103229328065582,0.0070977757857406945,0.0,5.453542324886923e-06
32,0.007316661364053856,0.007312340402330221,0.0,4.3209617236343065e-06
33,0.007625445296896894,0.007620821993718856,0.0,4.623303178037325e-06
34,0.007789989324514972,0.007785136376307072,0.0,4.852948207899355e-06
35,0.008035851034062793,0.008030163352987592,0.0,5.687681075200268e-06
36,0.008246917561773641,0.00823918613748514,0.0,7.73142428850145e-06
37,0.008535717488175262,0.008526852741439927,0.0,8.864746735335974e-06
38,0.008852191029814663,0.008844764508720024,0.0,7.426521094639313e-06
39,0.009245305752733322,0.009235829026217376,0.0,9.476726515946628e-06
40,0.009692879560119072,0.009681892528335985,0.0,1.0987031783086312e-05
41,0.010145704588325092,0.010137441577317817,0.0,8.263011007274023e-06
42,0.010776335209263035,0.010768072335755906,0.0,8.262873507129423e-06
43,0.0115365687102528,0.011527394396482161,0.0,9.174313770639688e-06
44,0.012293424545295941,0.01228357424510966,0.0,9.850300186282016e-06
45,0.013105309815456927,0.013096367776810435,0.0,8.94203864649173e-06
46,0.014163583225386023,0.014153281624652472,0.0,1.0301600733552663e-05
47,0.015180216562805753,0.015168699807637662,0.0,1.1516755168093575e-05
48,0.016148129512434654,0.016137596260705673,0.0,1.0533251728980458e-05
49,0.016995706064942044,0.01698343259074579,0.0,1.2273474196256544e-05
50,0.01789095055124156,0.010949288686255223,0.006931808056316047,9.853808670288832e-06
51,0.01885567077265325,0.0008131278939413691,0.01803079531207726,1.1747566634621683e-05
52,0.019691874045152307,0.0007975945500186268,0.01888215394292662,1.2125552207059554e-05
53,0.020503663499187974,0.000820862036895675,0.019669005130058054,1.3796332234243968e-05
54,0.021602838072863124,0.000845206060635077,0.020744365545341207,1.3266466886839516e-05
55,0.022661606855289656,0.0008963069785852587,0.021749990818130744,1.5309058573654833e-05
56,0.023507138692784865,0.0009670375420825219,0.02252411186219486,1.5989288507481223e-05
57,0.024251346524358796,0.000977775725347331,0.023255983498853203,1.758730015826082e-05
58,0.025291489843144586,0.001046979322761976,0.02422835608965449,1.6154430728119968e-05
59,0.026106256732423453,0.0010563032019839725,0.02503191125439089,1.804227604858581e-05
60,0.02712290034667911,0.0010512298799988855,0.026053326075264054,1.8344391416165785e-05
61,0.027664082089141798,0.0010422584423889394,0.02660552689159035,1.6296755162505493e-05
62,0.0283558290886587,0.0010483904480385632,0.02728576299107132,2.167564954881433e-05
63,0.02933754685520438,0.0010430922005703262,0.028277701399623437,1.6753255010617146e-05
64,0.030087487117999225,0.0010406808190718212,0.029027778582490928,1.9027716436474415e-05
65,0.03066164995269873,0.0009774925331670183,0.029668920637166203,1.5236782365510458e-05
66,0.031068671339069015,0.0009793044516567802,0.030071550485499855,1.781640191237928e-05
67,0.03130655412779821,0.0008978402094687242,0.030389157135053836,1.9556783275651757e-05
68,0.03165985161130495,0.0008631627448751606,0.030774855994885737,2.1832871544045538e-05
69,0.03192803424848926,0.0008280646344534555,0.03107911982418769,2.0849789848105577e-05
70,0.032077003784509193,0.0007792912832383738,0.031281786494728805,1.5926006542012462e-05
71,0.032259897165737,0.0007043583508389626,0.03153453085907249,2.1007955825544165e-05
72,0.03220040322732086,0.0006478202946096284,0.03153552173141343,1.7061201297803267e-05
73,0.032533414400152956,0.000599812571724331,0.03191214695955446,2.1454868874167918e-05
74,0.03264557498653465,0.0005428494635511742,0.032083842202387254,1.888332059621669e-05
75,0.03279640760827821,0.0005219716113271129,0.0322564646691095,1.797132784159078e-05
76,0.032705600861768575,0.0005241384585558268,0.032161066352612046,2.0396050600702176e-05
77,0.03250437908615243,0.00045607181805503805,0.03202942802095518,1.8879247142214706e-05
78,0.03167415778632299,0.000389871130652848,0.03126274884870748,2.1537806962658022e-05
79,0.03083607703273444,0.00034144097851066316,0.030474012457449306,2.0623596774469863e-05
80,0.029724894969387336,0.0003207533034792772,0.029384726130321254,1.941553558680409e-05
81,0.028329713408284527,0.0002939913540873232,0.028015546117416728,2.017593678047763e-05
82,0.026415764244403454,0.0002651597924044773,0.026134069251685727,1.6535200313249806e-05
83,0.0246685524068236,0.00020436791657157496,0.02444749328220933,1.6691208042697165e-05
84,0.02230593759585819,0.00016535909418109412,0.022126161949640375,1.4416552036721948e-05
85,0.019661477665541542,0.00013837017243504174,0.019513474750338374,9.6327427681236e-06
86,0.016991146459845313,0.00010949490930832371,0.016872700554340567,8.950996196422128e-06
87,0.014373475218511447,8.675185347139388e-05,0.014278147457759544,8.575907280507264e-06
88,0.01169302102095039,7.917521922364094e-05,0.011608533110345251,5.312691381498887e-06
89,0.009072783952624206,5.787876329812994e-05,0.009009141547090357,5.763642235719117e-06
90,0.006600945594541164,4.083272140129462e-05,0.0065562475422023935,3.865330937475415e-06
91,0.004391044498626847,3.04536412225637e-05,0.004356876118344113,3.7147390601698784e-06
92,0.0028178967918215904,2.0671073453647718e-05,0.002795101826581213,2.1238917867296915e-06
93,0.0016869123013994209,1.3930772211186922e-05,0.0016712385348538652,1.74299433436881e-06
94,0.0008826575705418016,1.1738032329327143e-05,0.0008703137757758367,6.057624366378122e-07
95,0.00040101473208576554,5.1485290858225955e-06,0.00039541149170907523,4.547112908677118e-07
96,0.00020147849453948637,3.180338283136997e-06,0.00019822247791730235,7.567833904700519e-08
97,8.006747255614926e-05,1.5143315192689763e-06,7.855314103688029e-05,0.0
98,2.7982894219750528e-05,0.0,2.7907215821130965e-05,7.567839861956431e-08
99,2.3502808341298695e-06,0.0,2.3502808341298695e-06,0.0
255,3.7747924755459756,3.597522041109489,0.0006637203628586566,0.17660671407362805
