score,bin,mean_pred,obs_freq,n
uncalibrated,0,0.048839263979323,0.0006628889883004555,13705
uncalibrated,1,0.14352666697766872,0.0019326929807321452,8420
uncalibrated,2,0.2441991365099679,0.004141874868615678,5060
uncalibrated,3,0.3465942408278062,0.007540789678725221,3098
uncalibrated,4,0.44559021248829156,0.012703617049661445,2504
uncalibrated,5,0.5483336823319,0.022405907651367848,2295
uncalibrated,6,0.6495540897612322,0.03788901545622472,2020
uncalibrated,7,0.7456362498621502,0.05654922980842831,1967
uncalibrated,8,0.847090720588502,0.11924400099723327,2602
uncalibrated,9,0.9703848190355939,0.6050352800880605,20007
prior_shift,0,0.005586717038768434,0.005582340915000276,40785
prior_shift,1,0.13839262778352523,0.17924103379073708,2264
prior_shift,2,0.2531257030643253,0.28085682848878923,1559
prior_shift,3,0.34381525791361695,0.4450196112155804,1273
prior_shift,4,0.4432106488461246,0.5557105126388656,1213
prior_shift,5,0.5409837330760922,0.6703618567282212,1349
prior_shift,6,0.6539020643094434,0.7089594813966137,1467
prior_shift,7,0.7347317529326974,0.9468245128006334,1066
prior_shift,8,0.8601791702684627,0.9445185665852902,4077
prior_shift,9,1.0,1.0,6625
isotonic,0,0.005208082791172155,0.005097697431083763,39731
isotonic,1,0.14054583709564558,0.12800862714028313,2005
isotonic,2,0.2333082602321047,0.2440135951069932,2721
isotonic,3,0.30835960960971165,0.23008864354655031,151
isotonic,5,0.525809389487283,0.5185881374787684,3337
isotonic,7,0.7421449608419782,0.7951391964801563,3031
isotonic,8,0.8912789085247389,0.926683577780796,1514
isotonic,9,0.9871211569269469,0.9871448826530231,9188
