bin,n,accuracy,share_regrowth
0.0-0.5 km,33233,0.8932386483314777,0.8507206692143352
0.5-1.0 km,24121,0.8790265743542971,0.5301189834583973
1.0-1.5 km,20335,0.880599950823703,0.3683304647160069
1.5-2.0 km,15390,0.886809616634178,0.307732293697206
2.0-2.5 km,10479,0.8947418646817444,0.26891878996087415
2.5-3.0 km,6844,0.8885154880187025,0.26256575102279367
3.0-3.5 km,4092,0.896871945259042,0.2546432062561095
3.5-4.0 km,2553,0.8867998433215825,0.2690951821386604
4.0-4.5 km,1611,0.8913718187461204,0.2576039726877716
4.5-5.0 km,1176,0.8818027210884354,0.3120748299319728
5.0-5.5 km,782,0.9156010230179028,0.31074168797953966
5.5-6.0 km,561,0.910873440285205,0.29590017825311943
6.0-6.5 km,415,0.9108433734939759,0.28433734939759037
6.5-7.0 km,322,0.8944099378881988,0.2857142857142857
7.0-7.5 km,226,0.9026548672566371,0.39823008849557523
7.5-8.0 km,187,0.8609625668449198,0.5080213903743316
>8.0 km,1029,0.7900874635568513,0.4499514091350826
