scheme,family,depth,block_km,n_blocks,mean_accuracy,sd,folds
random,random,,,,0.8866100802737202,0.0012736655622142049,0.8885 0.8871 0.8856 0.8854 0.8864
healpix_wgs84_d6,"HEALPix, WGS84",6.0,101.9,131.0,0.8538238025590899,0.03631765639121536,0.8177 0.8251 0.8421 0.8980 0.8862
healpix_sphere_d6,"HEALPix, sphere",6.0,101.9,131.0,0.8530537453628717,0.043118298587277046,0.8026 0.8131 0.8641 0.8963 0.8892
latlon_d6,lat/lon squares,6.0,101.9,135.0,0.8544939597128389,0.02678373810081146,0.8084 0.8586 0.8768 0.8598 0.8688
latlon_shifted_d6,"lat/lon squares, shifted half a block",6.0,101.9,135.0,0.8346036437250559,0.02386701904348329,0.8455 0.8002 0.8221 0.8620 0.8431
healpix_wgs84_d7,"HEALPix, WGS84",7.0,50.9,443.0,0.8640413212264771,0.026135875843856918,0.8915 0.8360 0.8672 0.8385 0.8870
healpix_sphere_d7,"HEALPix, sphere",7.0,50.9,444.0,0.8620476378470852,0.01639330104494262,0.8787 0.8670 0.8605 0.8690 0.8351
latlon_d7,lat/lon squares,7.0,50.9,444.0,0.8618568232662194,0.031972416643230264,0.8923 0.8987 0.8270 0.8397 0.8516
latlon_shifted_d7,"lat/lon squares, shifted half a block",7.0,50.9,439.0,0.862988551125148,0.011464193866177719,0.8663 0.8699 0.8641 0.8716 0.8432
healpix_wgs84_d8,"HEALPix, WGS84",8.0,25.5,1441.0,0.8685550730359258,0.01699018727589654,0.8621 0.8765 0.8563 0.8945 0.8535
healpix_sphere_d8,"HEALPix, sphere",8.0,25.5,1443.0,0.8653046453480719,0.013419580907581732,0.8779 0.8453 0.8617 0.8775 0.8641
latlon_d8,lat/lon squares,8.0,25.5,1440.0,0.8679102513488617,0.008926050669580713,0.8662 0.8780 0.8546 0.8669 0.8739
latlon_shifted_d8,"lat/lon squares, shifted half a block",8.0,25.5,1448.0,0.8680352677983946,0.009272209306422098,0.8768 0.8595 0.8575 0.8772 0.8692
