set,k,added,oob_accuracy,validation_accuracy
with_npp_burned_roads,1,dist_forest_2000,0.7953142394494485,0.7951685876972813
with_npp_burned_roads,2,forest_density_2000,0.7856998279526364,0.7923012565895817
with_npp_burned_roads,3,phihox,0.829420099180245,0.8325007513544688
with_npp_burned_roads,4,ocdens,0.8471814593664608,0.8471298259294457
with_npp_burned_roads,5,pc3,0.8636271632425868,0.8638626930168709
with_npp_burned_roads,6,pc4,0.8701548426272645,0.8711569234268262
with_npp_burned_roads,7,cropland_density_2000,0.8745066288837162,0.8749989846561234
with_npp_burned_roads,8,pc1,0.8797186519583038,0.8793121654441927
with_npp_burned_roads,9,pc2,0.8790102216374861,0.8792877971911527
with_npp_burned_roads,10,npp,0.8815403299261209,0.8813672214505609
with_npp_burned_roads,11,road_density,0.883665620888574,0.8835197504690888
with_npp_burned_roads,12,dist_urban_2000,0.8856897075194818,0.8849087408923654
with_npp_burned_roads,13,pc5,0.8869041594980265,0.8861596445484157
with_npp_burned_roads,14,lc_2000,0.885993320514118,0.8873130751923062
with_npp_burned_roads,15,slope,0.8866511486691631,0.8859809440261228
with_npp_burned_roads,16,biome,0.8852848901933003,0.8864683090869215
with_npp_burned_roads,17,burned_frac,0.8861451270114361,0.8864601863359083
without_npp_burned_roads,1,dist_forest_2000,0.7953142394494485,0.7951685876972813
without_npp_burned_roads,2,forest_density_2000,0.7856998279526364,0.7923012565895817
without_npp_burned_roads,3,phihox,0.829420099180245,0.8325007513544688
without_npp_burned_roads,4,pc3,0.8534561279222751,0.8538310955154291
without_npp_burned_roads,5,ocdens,0.8634753567452687,0.8641713575553769
without_npp_burned_roads,6,pc1,0.870559659953446,0.871668656740665
without_npp_burned_roads,7,pc4,0.8759234895253517,0.8762336428101469
without_npp_burned_roads,8,pc2,0.8774415544985326,0.8777363517476099
without_npp_burned_roads,9,cropland_density_2000,0.8787572108086226,0.8789141506445403
without_npp_burned_roads,10,dist_urban_2000,0.8828053840704382,0.8807011558674692
without_npp_burned_roads,11,pc5,0.8838174273858921,0.8824719155883715
without_npp_burned_roads,12,lc_2000,0.8837668252201194,0.8841614477991406
without_npp_burned_roads,13,biome,0.8851836858617549,0.8847950223781791
without_npp_burned_roads,14,slope,0.8844246533751644,0.8846731811129793
