design,variable,group,auc_drop,share
global,forest_density_2000,local,0.04792129666666667,0.14274820228120053
global,dist_forest_2000,local,0.19135590000000002,0.5700119283270892
global,ocdens,local,0.019256015000000033,0.05735991543529817
global,phihox,local,0.02236762833333339,0.0666288050610773
global,pc1,climate,0.01138105333333339,0.03390193956354005
global,pc2,climate,0.009701751666666683,0.028899627216444478
global,pc3,climate,0.01204767166666676,0.03588766564588997
global,pc4,climate,0.014264835000000087,0.0424921630616971
global,lc_2000,local,0.005333500000000028,0.015887456930946717
global,biome,climate,0.0020754283333333325,0.006182296476816287
paired,forest_density_2000,local,0.05745585000000005,0.16757730905068555
paired,dist_forest_2000,local,0.19800647666666674,0.5775111243573516
paired,ocdens,local,0.011129343333333411,0.032460148223395845
paired,phihox,local,0.028044313333333386,0.0817948139758487
paired,pc1,climate,0.010312611666666712,0.030078046228272867
paired,pc2,climate,0.007750125000000126,0.022604227285932837
paired,pc3,climate,0.01212622166666677,0.03536767093084751
paired,pc4,climate,0.012083193333333409,0.035242173312886226
paired,lc_2000,local,0.004239445000000101,0.012364881643355724
paired,biome,climate,0.0017141733333334204,0.004999604991423121
